{"clean_edit": {"ridge": {"alpha": 1.5151928541355257, "copy_X": true, "fit_intercept": true, "max_iter": null, "normalize": false, "random_state": null, "solver": "auto", "tol": 0.001}, "bridge": {"alpha_1": 0.2668472609424948, "alpha_2": 191.6972785633987, "compute_score": false, "copy_X": true, "fit_intercept": true, "lambda_1": 292.1054148591104, "lambda_2": 101.11294992678273, "n_iter": 300, "normalize": false, "tol": 0.001, "verbose": false}, "pls": {"copy": true, "max_iter": 5580, "n_components": 6, "scale": true, "tol": 1e-06}, "svr": {"C": 10.631281514267066, "cache_size": 200, "coef0": 0.0, "degree": 3, "epsilon": 0.018374434553071445, "gamma": 0.0033771466762961702, "kernel": "rbf", "max_iter": -1, "shrinking": true, "tol": 0.001, "verbose": false}, "xgb": {"base_score": 0.5, "booster": "gbtree", "colsample_bylevel": 0.8800912771310647, "colsample_bynode": 0.4994437385279549, "colsample_bytree": 0.8812703388600398, "gamma": 0.0029409667438206064, "importance_type": "gain", "learning_rate": 0.20260283433513654, "max_delta_step": 0, "max_depth": 1, "min_child_weight": 6, "missing": null, "n_estimators": 500, "n_jobs": -1, "nthread": null, "objective": "reg:squarederror", "random_state": 27, "reg_alpha": 0.3713621976502341, "reg_lambda": 1.539146745351281, "scale_pos_weight": 1, "seed": null, "silent": null, "subsample": 0.900949201611844, "verbosity": 1}}, "drop_edit": {"ridge": {"alpha": 1.6686794938099125, "copy_X": true, "fit_intercept": true, "max_iter": null, "normalize": false, "random_state": null, "solver": "auto", "tol": 0.001}, "bridge": {"alpha_1": 20.226940483177515, "alpha_2": 2.2570888502921296, "compute_score": false, "copy_X": true, "fit_intercept": true, "lambda_1": 8.730629894701068e-08, "lambda_2": 1.5829621400792202e-07, "n_iter": 300, "normalize": false, "tol": 0.001, "verbose": false}, "pls": {"copy": true, "max_iter": 4750, "n_components": 12, "scale": true, "tol": 1e-06}, "svr": {"C": 25.639395558907484, "cache_size": 200, "coef0": 0.0, "degree": 3, "epsilon": 0.004366069362910985, "gamma": 0.001841271574086152, "kernel": "rbf", "max_iter": -1, "shrinking": true, "tol": 0.001, "verbose": false}, "xgb": {"base_score": 0.5, "booster": "gbtree", "colsample_bylevel": 0.31506991104164805, "colsample_bynode": 0.5955843698097316, "colsample_bytree": 0.9361894226316957, "gamma": 0.043195040129173135, "importance_type": "gain", "learning_rate": 0.18051965948381093, "max_delta_step": 0, "max_depth": 1, "min_child_weight": 4, "missing": null, "n_estimators": 500, "n_jobs": -1, "nthread": null, "objective": "reg:squarederror", "random_state": 27, "reg_alpha": 0.5535415074215099, "reg_lambda": 2.6053867293983926, "scale_pos_weight": 1, "seed": null, "silent": null, "subsample": 0.6606802340491505, "verbosity": 1}}}